{"stat.craftItem.minecraft.stone_shovel":1,"stat.craftItem.minecraft.birch_door":3,"stat.walkOneCm":44806,"stat.leaveGame":1,"stat.useItem.minecraft.log":2,"stat.pickup.minecraft.crafting_table":1,"stat.useItem.minecraft.cobblestone":17,"stat.craftItem.minecraft.crafting_table":1,"stat.pickup.minecraft.log":31,"stat.jump":149,"stat.swimOneCm":2751,"stat.fallOneCm":1254,"stat.useItem.minecraft.planks":70,"stat.useItem.minecraft.stone_axe":46,"stat.pickup.nifty.sapling":1,"stat.pickup.minecraft.porkchop":4,"stat.crouchOneCm":13117,"stat.pickup.minecraft.sapling":4,"stat.pickup.minecraft.dirt":60,"stat.useItem.minecraft.dirt":4,"stat.sprintOneCm":14061,"stat.useItem.minecraft.stone_slab2":10,"stat.pickup.nifty.flax_seed":1,"stat.craftItem.minecraft.stick":8,"stat.craftingTableInteraction":6,"stat.useItem.minecraft.birch_door":2,"stat.craftItem.minecraft.planks":116,"stat.craftItem.minecraft.stone_axe":1,"stat.damageTaken":100,"stat.mineBlock.minecraft.crafting_table":1,"stat.useItem.futuremc.sweet_berries":6,"stat.pickup.nifty.marble":8,"stat.mineBlock.nifty.leaves":5,"stat.craftItem.minecraft.stone_pickaxe":1,"stat.useItem.minecraft.wooden_pickaxe":13,"stat.pickup.minecraft.cobblestone":51,"stat.mobKills":2,"stat.mineBlock.minecraft.log":31,"stat.pickup.minecraft.planks":3,"stat.pickup.futuremc.sweet_berries":6,"stat.useItem.minecraft.stone_shovel":49,"stat.flyOneCm":12539,"stat.mineBlock.minecraft.planks":3,"stat.pickup.minecraft.wheat_seeds":1,"stat.mineBlock.minecraft.leaves":16,"stat.playOneMinute":23567,"stat.useItem.minecraft.stone_pickaxe":46,"stat.sneakTime":3194,"stat.pickup.quark.tallow":2,"stat.damageDealt":139,"stat.timeSinceDeath":23567,"stat.mineBlock.nifty.marble":8,"stat.mineBlock.minecraft.dirt":60,"stat.craftItem.minecraft.wooden_pickaxe":1,"stat.mineBlock.minecraft.stone":51,"stat.killEntity.Pig":2,"stat.diveOneCm":3887}