{"stat.craftItem.minecraft.stone_shovel":1,"stat.craftItem.minecraft.birch_door":3,"stat.walkOneCm":69570,"stat.leaveGame":2,"stat.useItem.minecraft.log":2,"stat.pickup.minecraft.crafting_table":1,"stat.useItem.minecraft.cobblestone":57,"stat.craftItem.minecraft.crafting_table":1,"stat.useItem.minecraft.porkchop":2,"stat.pickup.minecraft.log":31,"stat.jump":206,"stat.swimOneCm":5808,"stat.fallOneCm":2150,"stat.useItem.minecraft.planks":75,"stat.useItem.minecraft.stone_axe":59,"stat.pickup.nifty.sapling":1,"stat.pickup.minecraft.porkchop":4,"stat.crouchOneCm":13906,"stat.pickup.minecraft.sapling":4,"stat.pickup.minecraft.dirt":60,"stat.useItem.minecraft.dirt":4,"stat.sprintOneCm":20390,"stat.useItem.minecraft.stone_slab2":12,"stat.pickup.nifty.flax_seed":1,"stat.craftItem.minecraft.stick":8,"stat.craftingTableInteraction":9,"stat.pickup.minecraft.rotten_flesh":4,"stat.useItem.minecraft.birch_door":2,"stat.craftItem.minecraft.furnace":1,"stat.craftItem.minecraft.planks":116,"stat.craftItem.minecraft.stone_axe":1,"stat.damageTaken":260,"stat.mineBlock.minecraft.crafting_table":1,"stat.useItem.futuremc.sweet_berries":6,"stat.pickup.nifty.marble":8,"stat.mineBlock.nifty.leaves":6,"stat.craftItem.minecraft.stone_pickaxe":1,"stat.useItem.minecraft.wooden_pickaxe":13,"stat.pickup.minecraft.cobblestone":81,"stat.mobKills":6,"stat.mineBlock.minecraft.log":31,"stat.pickup.minecraft.planks":4,"stat.pickup.futuremc.sweet_berries":6,"stat.useItem.minecraft.stone_shovel":49,"stat.flyOneCm":13473,"stat.mineBlock.minecraft.planks":4,"stat.pickup.minecraft.wheat_seeds":1,"stat.mineBlock.minecraft.leaves":17,"stat.playOneMinute":29360,"stat.useItem.minecraft.stone_pickaxe":76,"stat.sneakTime":3410,"stat.pickup.quark.tallow":2,"stat.damageDealt":576,"stat.killEntity.Zombie":4,"stat.timeSinceDeath":29360,"stat.mineBlock.nifty.marble":8,"stat.mineBlock.minecraft.dirt":60,"stat.craftItem.minecraft.wooden_pickaxe":1,"stat.mineBlock.minecraft.stone":81,"stat.killEntity.Pig":2,"stat.mineBlock.minecraft.tallgrass":1,"stat.diveOneCm":8254}