{"stat.craftItem.minecraft.stone_shovel":1,"stat.craftItem.minecraft.birch_door":3,"stat.walkOneCm":38301,"stat.leaveGame":1,"stat.useItem.minecraft.log":2,"stat.pickup.minecraft.crafting_table":1,"stat.craftItem.minecraft.crafting_table":1,"stat.pickup.minecraft.log":31,"stat.jump":124,"stat.fallOneCm":1254,"stat.useItem.minecraft.planks":69,"stat.useItem.minecraft.stone_axe":45,"stat.pickup.nifty.sapling":1,"stat.pickup.minecraft.porkchop":4,"stat.crouchOneCm":10835,"stat.pickup.minecraft.sapling":4,"stat.pickup.minecraft.dirt":46,"stat.useItem.minecraft.dirt":4,"stat.sprintOneCm":13245,"stat.useItem.minecraft.stone_slab2":8,"stat.pickup.nifty.flax_seed":1,"stat.craftItem.minecraft.stick":8,"stat.craftingTableInteraction":6,"stat.useItem.minecraft.birch_door":2,"stat.craftItem.minecraft.planks":116,"stat.craftItem.minecraft.stone_axe":1,"stat.damageTaken":100,"stat.mineBlock.minecraft.crafting_table":1,"stat.useItem.futuremc.sweet_berries":3,"stat.pickup.nifty.marble":8,"stat.mineBlock.nifty.leaves":5,"stat.craftItem.minecraft.stone_pickaxe":1,"stat.useItem.minecraft.wooden_pickaxe":13,"stat.pickup.minecraft.cobblestone":25,"stat.mobKills":2,"stat.mineBlock.minecraft.log":31,"stat.pickup.minecraft.planks":3,"stat.pickup.futuremc.sweet_berries":6,"stat.useItem.minecraft.stone_shovel":38,"stat.flyOneCm":12511,"stat.mineBlock.minecraft.planks":3,"stat.pickup.minecraft.wheat_seeds":1,"stat.mineBlock.minecraft.leaves":16,"stat.playOneMinute":10967,"stat.useItem.minecraft.stone_pickaxe":20,"stat.sneakTime":2691,"stat.pickup.quark.tallow":2,"stat.damageDealt":90,"stat.timeSinceDeath":10967,"stat.mineBlock.nifty.marble":8,"stat.mineBlock.minecraft.dirt":49,"stat.craftItem.minecraft.wooden_pickaxe":1,"stat.mineBlock.minecraft.stone":25,"stat.killEntity.Pig":2}